Date/Time,Month,Day,Max Temp (°C),Min Temp (°C),Mean Temp (°C),Heat Deg Days (°C),Cool Deg Days (°C),Total Rain (mm),Total Rain Flag,Total Snow (cm),Total Snow Flag,Total Precip (mm),Total Precip Flag,Snow on Grnd (cm),Dir of Max Gust (10s deg),Spd of Max Gust (km/h)
2016-01-01,1,1,-0.3,-4.2,-2.3,20.3,0,0,,0.8,,0.8,,0,25,46
2016-01-02,1,2,0.3,-4.3,-2,20,0,0,,0,T,0,T,0,23,44
2016-01-03,1,3,1.6,-11.6,-5,23,0,0,,0,T,0,T,0,34,54
2016-01-04,1,4,-11.2,-15.4,-13.3,31.3,0,0,,0,T,0,T,0,2,37
2016-01-05,1,5,-2.6,-15.2,-8.9,26.9,0,0,,0,,0,,0,23,32
2016-01-06,1,6,2.4,-6.8,-2.2,20.2,0,0,,0,,0,,0,23,32
2016-01-07,1,7,4.4,-5.3,-0.5,18.5,0,0,,0,,0,,,,<31
2016-01-08,1,8,4.1,-5.6,-0.8,18.8,0,2.8,,0,,2.8,,,,<31
2016-01-09,1,9,8.6,2.8,5.7,12.3,0,2,,0,,2,,0,,<31
2016-01-10,1,10,6.8,-6.5,0.2,17.8,0,18.2,,0.2,,18.4,,0,28,85
2016-01-11,1,11,-5.9,-10.5,-8.2,26.2,0,0.2,,0,T,0.2,,0,27,65
2016-01-12,1,12,-1.9,-9.7,-5.8,23.8,0,0,,5,,4.4,,2,28,65
2016-01-13,1,13,-7,-10.5,-8.8,26.8,0,0,,0.4,,0.4,,5,28,50
2016-01-14,1,14,-2.1,-8.5,-5.3,23.3,0,0,,0.2,,0.2,,5,25,41
2016-01-15,1,15,4.2,-3,0.6,17.4,0,1.8,,0,,1.8,,2,10,32
2016-01-16,1,16,3.5,-4.4,-0.5,18.5,0,0.8,,0,T,0.8,,0,30,63
2016-01-17,1,17,0.1,-10.6,-5.3,23.3,0,0,,0,T,0,T,0,26,46
2016-01-18,1,18,-7.8,-11.8,-9.8,27.8,0,0,,2.4,,2.2,,2,30,52
2016-01-19,1,19,-3.9,-14.5,-9.2,27.2,0,0,,0,T,0,T,1,31,67
2016-01-20,1,20,-3.9,-8.1,-6,24,0,0,,0,T,0,T,1,29,35
2016-01-21,1,21,-3.8,-10,-6.9,24.9,0,0,,0.6,,0.4,,1,,<31
2016-01-22,1,22,-2.2,-12.4,-7.3,25.3,0,0,,0,,0,,1,,<31
2016-01-23,1,23,-3.7,-11.2,-7.5,25.5,0,0,,0,,0,,0,36,32
2016-01-24,1,24,-0.8,-11,-5.9,23.9,0,0,,0,,0,,0,,<31
2016-01-25,1,25,4,-1.3,1.4,16.6,0,0,T,0,,0,T,0,20,35
2016-01-26,1,26,6.6,0.4,3.5,14.5,0,0.2,,0,T,0.2,,0,24,70
2016-01-27,1,27,1,-3.2,-1.1,19.1,0,0,,0.2,,0.2,,0,22,57
2016-01-28,1,28,1.6,-1.8,-0.1,18.1,0,0,,0.8,,1,,0,21,54
2016-01-29,1,29,-0.3,-10.7,-5.5,23.5,0,0,,0,T,0,T,1,28,50
2016-01-30,1,30,5.9,-8.4,-1.3,19.3,0,0,,0,,0,,,24,46
2016-01-31,1,31,10.6,0.7,5.7,12.3,0,2.6,,0,,2.6,,,23,52
2016-02-01,2,1,8.8,-0.6,4.1,13.9,0,0,,0,,0,,,29,50
2016-02-02,2,2,2.8,-2.8,0,18,0,3.4,,0,T,3.6,,0,10,56
2016-02-03,2,3,16,1.7,8.9,9.1,0,2.8,,0,,2.8,,,25,72
2016-02-04,2,4,4,-1.8,1.1,16.9,0,0,,0,,0,,,27,44
2016-02-05,2,5,2.8,-3.2,-0.2,18.2,0,0,,0,,0,,,23,33
2016-02-06,2,6,4.3,-2.1,1.1,16.9,0,0,,0,T,0,T,,26,52
2016-02-07,2,7,6.1,-2.5,1.8,16.2,0,0,,0,,0,,,15,33
2016-02-08,2,8,5.2,-1.8,1.7,16.3,0,0,,1,,1,,1,9,44
2016-02-09,2,9,1.4,-3.1,-0.9,18.9,0,0,,1.8,,1.2,,2,9,46
2016-02-10,2,10,-1.1,-12.2,-6.7,24.7,0,0,,1,,1,,1,30,43
2016-02-11,2,11,-9.6,-16.7,-13.2,31.2,0,0,,0,,0,,1,30,54
2016-02-12,2,12,-4.1,-15.9,-10,28,0,0,,1,,0.8,,1,27,57
2016-02-13,2,13,-16,-26.3,-21.2,39.2,0,0,,0,T,0,T,1,32,63
2016-02-14,2,14,-10.7,-24,-17.4,35.4,0,0,,0,,0,,1,,<31
2016-02-15,2,15,-1,-11.4,-6.2,24.2,0,0.2,,0.2,,0.4,,0,16,32
2016-02-16,2,16,-0.4,-1.7,-1.1,19.1,0,0,,7,,7,,2,31,39
2016-02-17,2,17,-1.2,-11.1,-6.2,24.2,0,0,,0.8,,0.8,,7,31,50
2016-02-18,2,18,-4.5,-14.9,-9.7,27.7,0,0,,0,,0,,6,,<31
2016-02-19,2,19,9.4,-5,2.2,15.8,0,,M,0,,,M,4,26,61
2016-02-20,2,20,12.5,2.6,7.6,10.4,0,0,T,0,,0,T,,26,67
2016-02-21,2,21,5.9,-2.2,1.9,16.1,0,0,,0,,0,,,36,41
2016-02-22,2,22,0.6,-5.2,-2.3,20.3,0,,M,0,,,M,,35,37
2016-02-23,2,23,1.9,-3.8,-1,19,0,0,,0,,0,,,,<31
2016-02-24,2,24,2.1,-1.2,0.5,17.5,0,20.6,,3,,24,,2,6,52
2016-02-25,2,25,0.8,-5.9,-2.6,20.6,0,0.6,,2,,2.6,,1,35,74
2016-02-26,2,26,-3.3,-10.6,-7,25,0,0,,0,T,0,T,1,32,52
2016-02-27,2,27,4.5,-6.1,-0.8,18.8,0,0,,0,,0,,0,22,63
2016-02-28,2,28,14,1.7,7.9,10.1,0,0,T,0,,0,T,,23,72
2016-02-29,2,29,10.2,-7.6,1.3,16.7,0,0.4,,0,T,0.4,,0,29,104
2016-03-01,3,1,-7.4,-10.9,-9.2,27.2,0,0.2,,9.4,,9.6,,0,33,57
2016-03-02,3,2,-4.6,-10.9,-7.8,25.8,0,0,,0.4,,0.4,,9,32,52
2016-03-03,3,3,-4,-9.6,-6.8,24.8,0,0,,1.2,,0.6,,8,,<31
2016-03-04,3,4,-0.1,-5.9,-3,21,0,0,,0.2,,0.2,,8,,<31
2016-03-05,3,5,-0.2,-5.7,-3,21,0,0,,0,T,0,T,2,,<31
2016-03-06,3,6,3.2,-8.7,-2.8,20.8,0,0,,0,,0,,1,21,37
2016-03-07,3,7,11.6,0.7,6.2,11.8,0,0,,0,,0,,0,26,43
2016-03-08,3,8,11.6,3,7.3,10.7,0,0,,0,,0,,0,,<31
2016-03-09,3,9,20.4,4.6,12.5,5.5,0,0,,0,,0,,,24,50
2016-03-10,3,10,13.3,2.9,8.1,9.9,0,4.4,,0,,4.4,,,35,39
2016-03-11,3,11,9.1,1.5,5.3,12.7,0,0,,0,,0,,,33,41
2016-03-12,3,12,17.1,-1.4,7.9,10.1,0,0,,0,,0,,,25,41
2016-03-13,3,13,8.7,3.6,6.2,11.8,0,0,,0,,0,,,11,52
2016-03-14,3,14,9.2,3.3,6.3,11.7,0,11,,0,,11,,,10,41
2016-03-15,3,15,10,5.2,7.6,10.4,0,5.8,,0,,5.8,,,35,32
2016-03-16,3,16,14.2,4.5,9.4,8.6,0,1.8,,0,,1.8,,,23,96
2016-03-17,3,17,10.7,3,6.9,11.1,0,0.6,,0,,0.6,,,25,67
2016-03-18,3,18,5.9,-3.4,1.3,16.7,0,0,,0,,0,,,33,48
2016-03-19,3,19,2.2,-5.7,-1.8,19.8,0,0,,0,,0,,,2,32
2016-03-20,3,20,3,-6.3,-1.7,19.7,0,0,,0,,0,,,,<31
2016-03-21,3,21,4,-3.8,0.1,17.9,0,0,,0,,0,,,32,61
2016-03-22,3,22,6.3,-4.1,1.1,16.9,0,2,,0,,2,,,,<31
2016-03-23,3,23,4.3,-0.7,1.8,16.2,0,0.4,,0.4,,1,,0,9,35
2016-03-24,3,24,0.1,-2,-1,19,0,9.4,,1.4,,15,,1,9,46
2016-03-25,3,25,1.3,-2,-0.4,18.4,0,0,,0,,0,,,31,52
2016-03-26,3,26,5.6,-3.5,1.1,16.9,0,0,,0,,0,,0,,<31
2016-03-27,3,27,12.1,-2,5.1,12.9,0,0,,0,,0,,,,<31
2016-03-28,3,28,9.4,1.7,5.6,12.4,0,7.8,,0,,7.8,,,32,82
2016-03-29,3,29,7.5,-1.3,3.1,14.9,0,0,,0,,0,,,33,48
2016-03-30,3,30,9.9,-1.5,4.2,13.8,0,0,T,0,,0,T,,16,32
2016-03-31,3,31,16.5,8.1,12.3,5.7,0,19.8,,0,,19.8,,,21,61
2016-04-01,4,1,12.6,2.8,7.7,10.3,0,0,,0,,0,,,26,52
2016-04-02,4,2,4.6,-3.6,0.5,17.5,0,0,,0.8,,0.8,,0,32,69
2016-04-03,4,3,-1.2,-7.2,-4.2,22.2,0,0,,10,,9,,0,28,69
2016-04-04,4,4,-2.2,-7.1,-4.7,22.7,0,0,,3.8,,3.6,,12,4,46
2016-04-05,4,5,0.9,-9,-4.1,22.1,0,0,,0,,0,,4,25,32
2016-04-06,4,6,6.7,-2.9,1.9,16.1,0,6.3,,3.1,,9.4,,1,12,46
2016-04-07,4,7,7.6,-1.4,3.1,14.9,0,0.6,,0,T,0.6,,0,24,54
2016-04-08,4,8,4.1,-4,0.1,17.9,0,0,,0,T,0,T,,29,59
2016-04-09,4,9,-0.7,-6.8,-3.8,21.8,0,0,,0,,0,,,32,56
2016-04-10,4,10,0.7,-7.5,-3.4,21.4,0,1.4,,2.6,,8,,0,14,33
2016-04-11,4,11,11.3,-0.1,5.6,12.4,0,3,,0,,3,,1,34,48
2016-04-12,4,12,7.3,-1.9,2.7,15.3,0,0,,0,T,0,T,,32,56
2016-04-13,4,13,6.6,-3.6,1.5,16.5,0,0,,0,,0,,,,<31
2016-04-14,4,14,9.9,-3,3.5,14.5,0,0,,0,,0,,,11,39
2016-04-15,4,15,14.6,-0.2,7.2,10.8,0,0,,0,,0,,,12,32
2016-04-16,4,16,17.6,4.3,11,7,0,0,,0,,0,,,,<31
2016-04-17,4,17,21.2,3.7,12.5,5.5,0,0,,0,,0,,,,<31
2016-04-18,4,18,25.5,7.1,16.3,1.7,0,0,,0,,0,,,35,52
2016-04-19,4,19,16.2,5.7,11,7,0,0,,0,,0,,,36,48
2016-04-20,4,20,15.1,2.5,8.8,9.2,0,0,,0,,0,,,,<31
2016-04-21,4,21,14.6,5.2,9.9,8.1,0,1.2,,0,,1.2,,,,<31
2016-04-22,4,22,18.4,5.7,12.1,5.9,0,1.2,,0,,1.2,,,34,52
2016-04-23,4,23,12.8,1.9,7.4,10.6,0,0,,0,,0,,,32,44
2016-04-24,4,24,11,1.3,6.2,11.8,0,0,,0,,0,,,,<31
2016-04-25,4,25,8.7,3.5,6.1,11.9,0,10.8,,0,,10.8,,,10,37
2016-04-26,4,26,6.2,1.7,4,14,0,12.2,,0,,12.2,,,9,41
2016-04-27,4,27,11.3,0.1,5.7,12.3,0,0,,0,,0,,,35,41
2016-04-28,4,28,9,0.2,4.6,13.4,0,0,,0,,0,,,11,35
2016-04-29,4,29,11.1,4.4,7.8,10.2,0,0,,0,,0,,,8,32
2016-04-30,4,30,14.5,1.9,8.2,9.8,0,0,T,0,,0,T,,11,33
2016-05-01,5,1,10.3,6.9,8.6,9.4,0,6,,0,,6,,,3,32
2016-05-02,5,2,12.9,6,9.5,8.5,0,1,,0,,1,,,2,37
2016-05-03,5,3,13.2,4.6,8.9,9.1,0,0,,0,,0,,,,<31
2016-05-04,5,4,16.1,5.6,10.9,7.1,0,0,,0,,0,,,,<31
2016-05-05,5,5,16.5,7.1,11.8,6.2,0,0.4,,0,,0.4,,,35,41
2016-05-06,5,6,21.1,8.2,14.7,3.3,0,0,,0,,0,,,35,37
2016-05-07,5,7,16.9,6.8,11.9,6.1,0,0,T,0,,0,T,,34,59
2016-05-08,5,8,15.1,4.3,9.7,8.3,0,1.6,,0,,1.6,,,29,59
2016-05-09,5,9,15.5,1.9,8.7,9.3,0,0,,0,,0,,,1,39
2016-05-10,5,10,16.5,2.8,9.7,8.3,0,0,,0,,0,,,9,33
2016-05-11,5,11,18.5,3.8,11.2,6.8,0,0,,0,,0,,,8,33
2016-05-12,5,12,21.3,6.1,13.7,4.3,0,7.2,,0,,7.2,,,,<31
2016-05-13,5,13,20.5,12.5,16.5,1.5,0,8.2,,0,,8.2,,,28,56
2016-05-14,5,14,14,2.2,8.1,9.9,0,5.2,,0,,5.2,,,30,61
2016-05-15,5,15,7.8,1.9,4.9,13.1,0,0.6,,0,T,0.6,,,29,72
2016-05-16,5,16,18.5,0.1,9.3,8.7,0,2.2,,0,,2.2,,,30,65
2016-05-17,5,17,15.6,5,10.3,7.7,0,0,,0,,0,,,36,33
2016-05-18,5,18,16.4,4,10.2,7.8,0,0,,0,,0,,,,<31
2016-05-19,5,19,20.1,8.8,14.5,3.5,0,0,,0,,0,,,,<31
2016-05-20,5,20,22.1,8.2,15.2,2.8,0,0,,0,,0,,,,<31
2016-05-21,5,21,22.9,12.2,17.6,0.4,0,0,,0,,0,,,15,32
2016-05-22,5,22,22.6,12.5,17.6,0.4,0,0,,0,,0,,,33,39
2016-05-23,5,23,25.5,11.1,18.3,0,0.3,0,,0,,0,,,35,35
2016-05-24,5,24,29.5,12.1,20.8,0,2.8,0,,0,,0,,,29,35
2016-05-25,5,25,29.6,15.6,22.6,0,4.6,0,,0,,0,,,26,56
2016-05-26,5,26,24.5,16.9,20.7,0,2.7,1.8,,0,,1.8,,,,<31
2016-05-27,5,27,30.1,16.3,23.2,0,5.2,0,,0,,0,,,17,35
2016-05-28,5,28,31.5,19,25.3,0,7.3,0,,0,,0,,,,<31
2016-05-29,5,29,31.1,20.4,25.8,0,7.8,0,,0,,0,,,24,44
2016-05-30,5,30,27.8,16.8,22.3,0,4.3,0,,0,,0,,,27,48
2016-05-31,5,31,27,12.8,19.9,0,1.9,0,,0,,0,,,33,52
2016-06-01,6,1,20.1,12.3,16.2,1.8,0,0,,0,,0,,,11,32
2016-06-02,6,2,30.2,16.4,23.3,0,5.3,0.2,,0,,0.2,,,29,54
2016-06-03,6,3,25.6,14.9,20.3,0,2.3,0,,0,,0,,,36,33
2016-06-04,6,4,26.1,14.4,20.3,0,2.3,5.4,,0,,5.4,,,16,33
2016-06-05,6,5,24.7,16.5,20.6,0,2.6,5.8,,0,,5.8,,,27,52
2016-06-06,6,6,25.7,14.8,20.3,0,2.3,1.2,,0,,1.2,,,32,87
2016-06-07,6,7,20.2,10.4,15.3,2.7,0,0,T,0,,0,T,,30,61
2016-06-08,6,8,14.3,7.4,10.9,7.1,0,0,T,0,,0,T,,31,56
2016-06-09,6,9,20.8,7.7,14.3,3.7,0,0,,0,,0,,,33,50
2016-06-10,6,10,23.1,8.3,15.7,2.3,0,0,,0,,0,,,2,33
2016-06-11,6,11,30.6,13.2,21.9,0,3.9,7.4,,0,,7.4,,,32,65
2016-06-12,6,12,20.7,13.1,16.9,1.1,0,0,,0,,0,,,34,65
2016-06-13,6,13,20.2,11,15.6,2.4,0,0,,0,,0,,,35,48
2016-06-14,6,14,21.2,8.7,15,3,0,0,,0,,0,,,,<31
2016-06-15,6,15,24.9,10.9,17.9,0.1,0,0.2,,0,,0.2,,,,<31
2016-06-16,6,16,26.8,16.3,21.6,0,3.6,0,T,0,,0,T,,7,52
2016-06-17,6,17,29.4,15.2,22.3,0,4.3,0,,0,,0,,,35,32
2016-06-18,6,18,32.1,16.5,24.3,0,6.3,0,,0,,0,,,15,32
2016-06-19,6,19,33.6,18.4,26,0,8,0,,0,,0,,,24,44
2016-06-20,6,20,34.6,18.3,26.5,0,8.5,0.2,,0,,0.2,,,26,72
2016-06-21,6,21,26.9,13.9,20.4,0,2.4,0,,0,,0,,,28,50
2016-06-22,6,22,26,15.4,20.7,0,2.7,0,,0,,0,,,32,52
2016-06-23,6,23,24.6,11.8,18.2,0,0.2,0,,0,,0,,,,<31
2016-06-24,6,24,27.2,14.3,20.8,0,2.8,0,,0,,0,,,12,32
2016-06-25,6,25,29,16,22.5,0,4.5,0,,0,,0,,,,<31
2016-06-26,6,26,33.5,17.8,25.7,0,7.7,6,,0,,6,,,22,50
2016-06-27,6,27,32.9,20.3,26.6,0,8.6,0,,0,,0,,,29,59
2016-06-28,6,28,22.9,15.2,19.1,0,1.1,0,T,0,,0,T,,35,43
2016-06-29,6,29,26.7,14.1,20.4,0,2.4,0,,0,,0,,,35,46
2016-06-30,6,30,27.1,12.6,19.9,0,1.9,0,,0,,0,,,16,46
2016-07-01,7,1,23.3,13.3,18.3,0,0.3,5.6,,0,,5.6,,,31,57
2016-07-02,7,2,26.4,12.3,19.4,0,1.4,0,,0,,0,,,30,57
2016-07-03,7,3,28.3,13.7,21,0,3,0,,0,,0,,,32,46
2016-07-04,7,4,28.9,14.7,21.8,0,3.8,0,,0,,0,,,,<31
2016-07-05,7,5,32.6,19.5,26.1,0,8.1,0,,0,,0,,,27,50
2016-07-06,7,6,32,19.2,25.6,0,7.6,0.2,,0,,0.2,,,17,39
2016-07-07,7,7,31.8,21.3,26.6,0,8.6,0.6,,0,,0.6,,,2,41
2016-07-08,7,8,28.6,20.4,24.5,0,6.5,1,,0,,1,,,,<31
2016-07-09,7,9,27,18.5,22.8,0,4.8,6,,0,,6,,,32,65
2016-07-10,7,10,28.7,16.8,22.8,0,4.8,0,,0,,0,,,1,43
2016-07-11,7,11,27.1,17.6,22.4,0,4.4,0,,0,,0,,,,<31
2016-07-12,7,12,31.2,19.9,25.6,0,7.6,0,,0,,0,,,15,35
2016-07-13,7,13,36,21.2,28.6,0,10.6,4.8,,0,,4.8,,,26,80
2016-07-14,7,14,31,20.3,25.7,0,7.7,6.6,,0,,6.6,,,24,61
2016-07-15,7,15,27.3,16.1,21.7,0,3.7,1.2,,0,,1.2,,,27,59
2016-07-16,7,16,22.8,14.7,18.8,0,0.8,0,,0,,0,,,1,35
2016-07-17,7,17,26.1,14,20.1,0,2.1,0,,0,,0,,,23,37
2016-07-18,7,18,30.2,17.3,23.8,0,5.8,0,,0,,0,,,32,61
2016-07-19,7,19,25.7,13.5,19.6,0,1.6,0,,0,,0,,,31,46
2016-07-20,7,20,27.6,14.6,21.1,0,3.1,0,,0,,0,,,15,30
2016-07-21,7,21,33.7,18.7,26.2,0,8.2,0,,0,,0,,,25,54
2016-07-22,7,22,35.2,22.8,29,0,11,0,,0,,0,,,28,54
2016-07-23,7,23,34.1,22,28.1,0,10.1,0,,0,,0,,,33,44
2016-07-24,7,24,27.4,20.1,23.8,0,5.8,0,,0,,0,,,,<31
2016-07-25,7,25,31.9,21.1,26.5,0,8.5,9,,0,,9,,,31,44
2016-07-26,7,26,30.5,17.2,23.9,0,5.9,0,,0,,0,,,32,35
2016-07-27,7,27,34,18.2,26.1,0,8.1,0,,0,,0,,,2,54
2016-07-28,7,28,30,20.8,25.4,0,7.4,0.6,,0,,0.6,,,36,37
2016-07-29,7,29,28.3,19.5,23.9,0,5.9,3.8,,0,,3.8,,,2,32
2016-07-30,7,30,26.6,18.5,22.6,0,4.6,0.4,,0,,0.4,,,9,39
2016-07-31,7,31,25.3,20.9,23.1,0,5.1,0,,0,,0,,,11,32
2016-08-01,8,1,27.6,19.3,23.5,0,5.5,6.8,,0,,6.8,,,3,35
2016-08-02,8,2,28.8,19,23.9,0,5.9,0,,0,,0,,,,<31
2016-08-03,8,3,29.3,18.6,24,0,6,0,,0,,0,,,,<31
2016-08-04,8,4,32.4,19.7,26.1,0,8.1,0,,0,,0,,,15,32
2016-08-05,8,5,33.6,22,27.8,0,9.8,0,T,0,,0,T,,24,69
2016-08-06,8,6,29.8,18.7,24.3,0,6.3,0,,0,,0,,,27,43
2016-08-07,8,7,28.8,17.5,23.2,0,5.2,0,,0,,0,,,30,44
2016-08-08,8,8,28.2,16.4,22.3,0,4.3,0,,0,,0,,,16,32
2016-08-09,8,9,31.8,17.1,24.5,0,6.5,0,,0,,0,,,13,35
2016-08-10,8,10,35.6,21.9,28.8,0,10.8,0,,0,,0,,,25,44
2016-08-11,8,11,33.6,21.9,27.8,0,9.8,0,T,0,,0,T,,18,33
2016-08-12,8,12,35.9,25,30.5,0,12.5,0.2,,0,,0.2,,,28,50
2016-08-13,8,13,30.4,22.4,26.4,0,8.4,28,,0,,28,,,29,63
2016-08-14,8,14,29.3,19.2,24.3,0,6.3,0,,0,,0,,,27,41
2016-08-15,8,15,26.6,17.9,22.3,0,4.3,0,,0,,0,,,,<31
2016-08-16,8,16,29.7,18.3,24,0,6,12.2,,0,,12.2,,,25,78
2016-08-17,8,17,27.5,15.9,21.7,0,3.7,0,,0,,0,,,14,32
2016-08-18,8,18,28.8,19.4,24.1,0,6.1,0,T,0,,0,T,,,<31
2016-08-19,8,19,29.8,18.7,24.3,0,6.3,0,T,0,,0,T,,14,37
2016-08-20,8,20,31,20.9,26,0,8,2.8,,0,,2.8,,,17,39
2016-08-21,8,21,27,16.6,21.8,0,3.8,1.4,,0,,1.4,,,28,63
2016-08-22,8,22,24.6,13.1,18.9,0,0.9,0,,0,,0,,,28,43
2016-08-23,8,23,29,15.2,22.1,0,4.1,0,,0,,0,,,25,43
2016-08-24,8,24,30.5,17.1,23.8,0,5.8,0.8,,0,,0.8,,,22,43
2016-08-25,8,25,30.6,21.5,26.1,0,8.1,14.6,,0,,14.6,,,26,43
2016-08-26,8,26,29.5,18.8,24.2,0,6.2,0,,0,,0,,,26,43
2016-08-27,8,27,26.6,16.3,21.5,0,3.5,0,T,0,,0,T,,,<31
2016-08-28,8,28,30.7,19.6,25.2,0,7.2,0,,0,,0,,,28,44
2016-08-29,8,29,27.6,17.9,22.8,0,4.8,0,,0,,0,,,35,32
2016-08-30,8,30,30.4,17.2,23.8,0,5.8,0,,0,,0,,,10,48
2016-08-31,8,31,29.4,17.4,23.4,0,5.4,0,,0,,0,,,0,46
2016-09-01,9,1,23.1,15.7,19.4,0,1.4,0,T,0,,0,T,,1,43
2016-09-02,9,2,23.9,13.1,18.5,0,0.5,0,,0,,0,,,1,35
2016-09-03,9,3,23.7,12.7,18.2,0,0.2,0,,0,,0,,,,<31
2016-09-04,9,4,24.8,12.6,18.7,0,0.7,0,,0,,0,,,,<31
2016-09-05,9,5,29.3,14.4,21.9,0,3.9,0,,0,,0,,,,<31
2016-09-06,9,6,31.1,19.7,25.4,0,7.4,0,,0,,0,,,,<31
2016-09-07,9,7,35,22,28.5,0,10.5,32.8,,0,,32.8,,,22,72
2016-09-08,9,8,29.8,21.4,25.6,0,7.6,2.8,,0,,2.8,,,24,46
2016-09-09,9,9,28.9,19.6,24.3,0,6.3,0,,0,,0,,,,<31
2016-09-10,9,10,29.4,18.9,24.2,0,6.2,2.4,,0,,2.4,,,22,57
2016-09-11,9,11,23.2,14.3,18.8,0,0.8,0,,0,,0,,,31,54
2016-09-12,9,12,24.6,11.6,18.1,0,0.1,0,,0,,0,,,24,30
2016-09-13,9,13,28.1,14.5,21.3,0,3.3,0,,0,,0,,,24,44
2016-09-14,9,14,22.1,12.3,17.2,0.8,0,0,,0,,0,,,33,44
2016-09-15,9,15,19.7,11.1,15.4,2.6,0,0,,0,,0,,,,<31
2016-09-16,9,16,23.7,10.9,17.3,0.7,0,0,,0,,0,,,,<31
2016-09-17,9,17,22.7,18.7,20.7,0,2.7,7,,0,,7,,,19,41
2016-09-18,9,18,26.8,17.2,22,0,4,0,,0,,0,,,24,39
2016-09-19,9,19,26.6,15.5,21.1,0,3.1,0,,0,,0,,,,<31
2016-09-20,9,20,28.5,14.7,21.6,0,3.6,0,,0,,0,,,31,44
2016-09-21,9,21,27.5,14.2,20.9,0,2.9,0,,0,,0,,,,<31
2016-09-22,9,22,29.9,14.4,22.2,0,4.2,0,,0,,0,,,,<31
2016-09-23,9,23,21.8,10.9,16.4,1.6,0,1,,0,,1,,,1,37
2016-09-24,9,24,19.4,8.2,13.8,4.2,0,0,,0,,0,,,3,32
2016-09-25,9,25,17.8,7.9,12.9,5.1,0,0,,0,,0,,,,<31
2016-09-26,9,26,18.2,11.4,14.8,3.2,0,12.2,,0,,12.2,,,26,52
2016-09-27,9,27,21.9,9,15.5,2.5,0,0,,0,,0,,,23,54
2016-09-28,9,28,22.1,12.7,17.4,0.6,0,0,,0,,0,,,9,50
2016-09-29,9,29,17.1,13.3,15.2,2.8,0,7.8,,0,,7.8,,,8,56
2016-09-30,9,30,19.1,13.2,16.2,1.8,0,0.4,,0,,0.4,,,10,57
2016-10-01,10,1,15.9,12.9,14.4,3.6,0,1.4,,0,,1.4,,,11,39
2016-10-02,10,2,18.9,13.6,16.3,1.7,0,6.6,,0,,6.6,,,,<31
2016-10-03,10,3,18.6,13.4,16,2,0,0,,0,,0,,,35,30
2016-10-04,10,4,19.9,14.7,17.3,0.7,0,0,,0,,0,,,13,32
2016-10-05,10,5,20.2,14,17.1,0.9,0,0,,0,,0,,,,<31
2016-10-06,10,6,23.2,15.5,19.4,0,1.4,0,T,0,,0,T,,,<31
2016-10-07,10,7,21.9,13,17.5,0.5,0,0,,0,,0,,,14,33
2016-10-08,10,8,18.3,7.5,12.9,5.1,0,4.6,,0,,4.6,,,28,48
2016-10-09,10,9,12.8,4.4,8.6,9.4,0,0,,0,,0,,,32,48
2016-10-10,10,10,13.6,2.1,7.9,10.1,0,0,,0,,0,,,,<31
2016-10-11,10,11,16.7,3.2,10,8,0,0,,0,,0,,,,<31
2016-10-12,10,12,22.4,10.2,16.3,1.7,0,0,,0,,0,,,21,48
2016-10-13,10,13,19.9,4.2,12.1,5.9,0,0,T,0,,0,T,,22,57
2016-10-14,10,14,14.7,4.2,9.5,8.5,0,0,,0,,0,,,,<31
2016-10-15,10,15,19.2,7.1,13.2,4.8,0,0,,0,,0,,,14,30
2016-10-16,10,16,20.9,17.2,19.1,0,1.1,1.6,,0,,1.6,,,25,37
2016-10-17,10,17,21.7,15.9,18.8,0,0.8,0,T,0,,0,T,,,<31
2016-10-18,10,18,25.6,11.9,18.8,0,0.8,0.4,,0,,0.4,,,24,65
2016-10-19,10,19,21.3,10,15.7,2.3,0,0,,0,,0,,,,<31
2016-10-20,10,20,15.3,11.2,13.3,4.7,0,9.4,,0,,9.4,,,,<31
2016-10-21,10,21,11.4,4.7,8.1,9.9,0,5.6,,0,,5.6,,,35,52
2016-10-22,10,22,8.8,3.4,6.1,11.9,0,0,,0,,0,,,29,65
2016-10-23,10,23,15.1,3,9.1,8.9,0,0,,0,,0,,,26,41
2016-10-24,10,24,10.4,4.7,7.6,10.4,0,0,,0,,0,,,29,57
2016-10-25,10,25,8,3.5,5.8,12.2,0,0,T,0,,0,T,,34,48
2016-10-26,10,26,5.2,-0.1,2.6,15.4,0,1.4,,0,,1.4,,,12,46
2016-10-27,10,27,5.3,0.7,3,15,0,8.1,,0.1,,8.2,,,9,52
2016-10-28,10,28,10.6,0.2,5.4,12.6,0,0,,0,,0,,,,<31
2016-10-29,10,29,19.7,10.5,15.1,2.9,0,0,T,0,,0,T,,28,54
2016-10-30,10,30,11.4,1.3,6.4,11.6,0,1.4,,0,,1.4,,,33,41
2016-10-31,10,31,8.9,0.1,4.5,13.5,0,0,,0,,0,,,,<31
2016-11-01,11,1,17.8,5.8,11.8,6.2,0,0,,0,,0,,,,<31
2016-11-02,11,2,18.2,11.9,15.1,2.9,0,5.2,,0,,5.2,,,,<31
2016-11-03,11,3,14.3,6.1,10.2,7.8,0,22.4,,0,,22.4,,,36,41
2016-11-04,11,4,12,3.6,7.8,10.2,0,0,,0,,0,,,27,44
2016-11-05,11,5,15.9,7.2,11.6,6.4,0,0,,0,,0,,,27,44
2016-11-06,11,6,13.3,4.6,9,9,0,0,,0,,0,,,,<31
2016-11-07,11,7,15.1,1.3,8.2,9.8,0,0,,0,,0,,,,<31
2016-11-08,11,8,16.5,5.4,11,7,0,2,,0,,2,,,32,35
2016-11-09,11,9,11.1,0.5,5.8,12.2,0,0,,0,,0,,,35,59
2016-11-10,11,10,16.8,0.5,8.7,9.3,0,0,,0,,0,,,25,56
2016-11-11,11,11,12,0.3,6.2,11.8,0,0,T,0,,0,T,,34,61
2016-11-12,11,12,9.8,-2.9,3.5,14.5,0,0,,0,,0,,,25,50
2016-11-13,11,13,12.6,0.7,6.7,11.3,0,0,,0,,0,,,23,44
2016-11-14,11,14,14.1,3,8.6,9.4,0,0,,0,,0,,,24,32
2016-11-15,11,15,13,1.4,7.2,10.8,0,0,,0,,0,,,,<31
2016-11-16,11,16,12,3.1,7.6,10.4,0,0.4,,0,,0.4,,,31,43
2016-11-17,11,17,11.7,1.7,6.7,11.3,0,0,,0,,0,,,,<31
2016-11-18,11,18,16.5,5.1,10.8,7.2,0,0,,0,,0,,,,<31
2016-11-19,11,19,14.8,-0.2,7.3,10.7,0,4.8,,0,,4.8,,,24,48
2016-11-20,11,20,2.4,-2.7,-0.2,18.2,0,0,,0.6,,0.6,,0,30,76
2016-11-21,11,21,1.9,-2.8,-0.5,18.5,0,0,,0,,0,,,30,76
2016-11-22,11,22,2.6,-4.8,-1.1,19.1,0,0,,0,,0,,,29,52
2016-11-23,11,23,1.3,-3.4,-1.1,19.1,0,1.2,,0.4,,1.6,,0,10,32
2016-11-24,11,24,3.8,1.2,2.5,15.5,0,3.8,,0,,3.8,,,6,35
2016-11-25,11,25,7.3,3.5,5.4,12.6,0,0.6,,0,,0.6,,,25,37
2016-11-26,11,26,6.4,2.3,4.4,13.6,0,2.4,,0,,2.4,,,29,30
2016-11-27,11,27,7.8,0.9,4.4,13.6,0,0,,0,,0,,,,<31
2016-11-28,11,28,8.1,2.7,5.4,12.6,0,1.6,,0,,1.6,,,10,39
2016-11-29,11,29,14.6,6,10.3,7.7,0,2.4,,0,,2.4,,,24,39
2016-11-30,11,30,11.5,6.3,8.9,9.1,0,7.4,,0,,7.4,,,26,33
2016-12-01,12,1,7.8,4,5.9,12.1,0,0,T,0,,0,T,,26,56
2016-12-02,12,2,5.7,1.9,3.8,14.2,0,0,T,0,,0,T,,26,61
2016-12-03,12,3,6,0.1,3.1,14.9,0,0,,0,,0,,,30,52
2016-12-04,12,4,2.8,0.3,1.6,16.4,0,,M,1.2,,0.6,,1,11,39
2016-12-05,12,5,5.8,0.3,3.1,14.9,0,0,,0.1,,3,,0,26,54
2016-12-06,12,6,5.4,-1.1,2.2,15.8,0,4.5,,0.1,,4.6,,,11,48
2016-12-07,12,7,3.3,-1.1,1.1,16.9,0,0,T,0,,0,T,,26,50
2016-12-08,12,8,0,-4.4,-2.2,20.2,0,0,,0.8,,0.6,,0,25,59
2016-12-09,12,9,-0.9,-7.2,-4.1,22.1,0,0,T,0,,0,T,0,28,48
2016-12-10,12,10,-1.4,-7.1,-4.3,22.3,0,0,,0.2,,0.2,,0,27,54
2016-12-11,12,11,-0.1,-7.2,-3.7,21.7,0,0,,13.8,,14.6,,0,14,35
2016-12-12,12,12,2.4,-2.7,-0.2,18.2,0,0,,2.8,,3.4,,15,28,63
2016-12-13,12,13,-1.3,-6.6,-4,22,0,0,T,0,,0,T,8,27,54
2016-12-14,12,14,-5.1,-10.6,-7.9,25.9,0,0,,0.4,,0.4,,8,25,67
2016-12-15,12,15,-7.9,-12.9,-10.4,28.4,0,0,,4,,4,,8,27,82
2016-12-16,12,16,-5.7,-11.3,-8.5,26.5,0,0,,3,,3,,10,26,43
2016-12-17,12,17,-0.3,-6.3,-3.3,21.3,0,1.6,,6,,7.4,,18,16,32
2016-12-18,12,18,-1.1,-13.8,-7.5,25.5,0,0.6,,0.2,,0.8,,19,30,59
2016-12-19,12,19,-7.6,-12.9,-10.3,28.3,0,0,,0,,0,,19,22,33
2016-12-20,12,20,0.3,-10.1,-4.9,22.9,0,0,,0,,0,,19,22,67
2016-12-21,12,21,-0.6,-8.1,-4.4,22.4,0,0,,1.4,,1.4,,19,22,32
2016-12-22,12,22,3.3,-0.7,1.3,16.7,0,0,T,0,,0,T,19,31,43
2016-12-23,12,23,2.6,-2.6,0,18,0,0,,0,,0,,17,23,43
2016-12-24,12,24,3.3,0.9,2.1,15.9,0,5.3,,0.1,,5.4,,12,28,37
2016-12-25,12,25,2.6,-2.9,-0.2,18.2,0,0,,0,,0,,8,11,43
2016-12-26,12,26,9.7,-3.6,3.1,14.9,0,19.8,,0,,19.8,,7,25,63
2016-12-27,12,27,6.7,-3.1,1.8,16.2,0,0,T,0,,0,T,1,26,70
2016-12-28,12,28,0.6,-3.7,-1.6,19.6,0,0,T,0,,0,T,1,26,43
2016-12-29,12,29,1.9,-1.6,0.2,17.8,0,0,,6,,6,,5,28,44
2016-12-30,12,30,-0.1,-3.6,-1.9,19.9,0,0,,0.4,,0.4,,5,29,46
2016-12-31,12,31,3.7,-3.5,0.1,17.9,0,0.8,,1,,1.8,,4,23,56
